date,daily_return,ma_5
2018-01-03,0.00300859036884969,7659.605
2018-01-04,0.00322899815020257,7671.69666666667
2018-01-05,0.00368248985171288,7684.8275
2018-01-08,-0.00358741724083468,7687.164
2018-01-09,0.00448385047248691,7703.748
2018-01-10,0.00226231467516573,7719.228
2018-01-11,0.00186229352481953,7732.64
2018-01-12,0.0020224296465,7743.524
2018-01-15,-0.00122129318235578,7758.05
2018-01-16,-0.00170031689479145,7763.032
2018-01-17,-0.00393247489340414,7758.416
2018-01-18,-0.00316746122869539,7746.02
2018-01-19,0.00387354303878996,7736.45
2018-01-22,-0.00198556680494495,7725.71
2018-01-23,0.00212431176964636,7720.89
2018-01-24,-0.0114332570685077,7704.49
2018-01-25,-0.00360963598803157,7687.466
2018-01-26,0.00652587239227712,7674.416
2018-01-29,0.000781419182471135,7665.634
2018-01-30,-0.0108909174571435,7636.864
2018-01-31,-0.00717318706691364,7614.888
2018-02-01,-0.00572903876658413,7589.798
2018-02-02,-0.00626936648158508,7545.376
2018-02-05,-0.0145698958678997,7478.066
2018-02-06,-0.0263913466703386,7388.75
2018-02-07,0.0193267426555018,7337.924
2018-02-08,-0.0149366295666414,7273.984
2018-02-09,-0.0109138730024585,7203.784
2018-02-12,0.0119324406444618,7172.2
2018-02-13,-0.00126096200951367,7177.522
2018-02-14,0.00641182141207951,7164.432
2018-02-15,0.00288883929375921,7177.256
2018-02-16,0.00827803356273342,7217.71
2018-02-19,-0.00644851741675463,7231.83
2018-02-20,-0.000122798254884945,7247.582
2018-02-21,0.00480213943591411,7261.102
2018-02-22,-0.00400737752984581,7264.618
2018-02-23,-0.00110032692670974,7254.56
2018-02-26,0.0062351523450495,7262.944
2018-02-27,-0.000978108478129071,7270.08
2018-02-28,-0.0069399721247657,7260.148
2018-03-01,-0.00778079373222282,7244.798
2018-03-02,-0.0147359678021752,7209.896
2018-03-05,0.00651777252860718,7175.176
2018-03-06,0.00432407061290229,7148.036
2018-03-07,0.00155175429390984,7133.222
2018-03-08,0.00634269556178954,7138.742
2018-03-09,0.0029528378896164,7169.664
2018-03-12,-0.00134957249695827,7189.42
2018-03-13,-0.0105311888406545,7187.826
2018-03-14,-0.000853086942026529,7182.796
2018-03-15,0.000991210889580315,7170.1
2018-03-16,0.00341468060551056,7158.026
2018-03-19,-0.0169189881828105,7123.66
2018-03-20,0.00260402985689197,7108.158
2018-03-21,-0.00315807213150045,7089.414
2018-03-22,-0.0122716817943535,7051.98
2018-03-23,-0.00440842908901583,7003.54
2018-03-26,-0.00480356663016438,6972.692
2018-03-27,0.0161786929009726,6960.466
2018-03-28,0.00637130114540559,6961.62
2018-03-29,0.00168494507959128,6982.424
2018-04-03,-0.00370574539332621,7004.128
2018-04-04,0.000504945622334838,7033.192
2018-04-05,0.0235271203765704,7073.064
2018-04-06,-0.00220293075908045,7100.844
2018-04-09,0.00154656970560881,7128.472
2018-04-10,0.0100072969873866,7175.73
2018-04-11,-0.00132246189837268,7220.356
2018-04-12,0.000165354395808792,7232.124
2018-04-13,0.000856945251944695,7248.308
2018-04-16,-0.00913475833360872,7248.998
2018-04-17,0.00386902281125842,7240.858
2018-04-18,0.0126334581133538,7252.898
2018-04-19,0.00158254228995782,7267.014
2018-04-20,0.00535549576199495,7287.736
2018-04-23,0.00416657053243883,7327.87
2018-04-24,0.00358568267857115,7367.74
2018-04-25,-0.00620572629083954,7380.136
2018-04-26,0.00570648786067017,7398.638
2018-04-27,0.0108846947286439,7425.446
2018-04-30,0.000945054857168774,7447.532
2018-05-01,0.00147284034463925,7466.524
2018-05-02,0.00303708865001146,7499.3
2018-05-03,-0.00537039983031077,7515.552
2018-05-04,0.00859025229617654,7528.538
2018-05-08,-0.000183688949854281,7539.828
2018-05-09,0.0127905362984503,7568.26
2018-05-10,0.00501793143769932,7599.814
2018-05-11,0.00306195193592495,7644.186
2018-05-14,-0.00175673663838031,7672.954
2018-05-15,0.00155622242568389,7704.4
2018-05-16,0.00145280707706096,7718.736
2018-05-17,0.00695223811124621,7736.136
2018-05-18,-0.00117874105832461,7746.984
2018-05-21,0.0103332266329339,7776.622
2018-05-22,0.00232594536064238,7807.516
2018-05-23,-0.0112993417920774,7818.364
2018-05-24,-0.00920595138435936,7804.118
2018-05-25,0.00175462695386912,7794.416
2018-05-29,-0.0126308490766181,7749.11
2018-05-30,0.00745875607915471,7711.534
2018-05-31,-0.0014786262430799,7689.486
2018-06-01,0.00306972988460845,7686.492
2018-06-04,0.00513128800262791,7688.694
2018-06-05,-0.00703887853316434,7699.526
2018-06-06,0.0033264817609408,7704.086
2018-06-07,-0.00103340477700114,7709.326
2018-06-08,-0.00302813976429053,7705.186
2018-06-11,0.00733751938206533,7704.414
2018-06-12,-0.00434511200747534,7707.816
2018-06-13,-0.0000129805901236354,7706.084
2018-06-14,0.00805845495222431,7718.362
2018-06-15,-0.0169821743827737,7708.93
2018-06-18,-0.000337965734466339,7687.71
2018-06-19,-0.00360094505151783,7667.718
2018-06-20,0.00309711527712925,7652.456
2018-06-21,-0.00930330125599812,7610.586
2018-06-22,0.01665202132221,7620.258
2018-06-25,-0.0224451887267696,7595.96
2018-06-26,0.00373909430826754,7582.774
2018-06-27,0.0111131452708439,7581.632
2018-06-28,-0.000795099249641417,7593.47
2018-06-29,0.00279687957529452,7584.402
2018-07-02,-0.0116643729875748,7592.004
2018-07-03,0.00602025742429958,7603.078
2018-07-04,-0.00266024345178438,7593.358
2018-07-05,0.00397856093087499,7590.876
2018-07-06,0.00190445626984351,7587.03
2018-07-09,0.0092271945600378,7615.058
2018-07-10,0.000526795690421057,7634.808
2018-07-11,-0.0130108527776767,7638.582
2018-07-12,0.00782011496372477,7648.204
2018-07-13,0.00137753828419372,7657.038
2018-07-16,-0.00801631977572056,7639.53
2018-07-17,0.00340506154240869,7626.388
2018-07-18,0.00654967723662624,7643.252
2018-07-19,0.0010017873240685,7649.78
2018-07-20,-0.000674130690255205,7653.164
2018-07-23,-0.00299526357668331,7664.232
2018-07-24,0.00695682614073795,7680.776
2018-07-25,-0.00658836043351645,7677.172
2018-07-26,0.000641137804148704,7673.012
2018-07-27,0.0049770525774582,7677.516
2018-07-30,-0.0000597300978664716,7686.528
2018-07-31,0.00622139114513331,7694.47
2018-08-01,-0.0123697210908585,7693.4
2018-08-02,-0.0100589187642347,7675.952
2018-08-03,0.0109781901363925,7667.51
2018-08-06,0.000611037850400097,7660.096
2018-08-07,0.00713747002132105,7654.04
2018-08-08,0.00753645795545238,7678.788
2018-08-09,-0.00448522178573026,7711.956
2018-08-10,-0.00965670641209959,7713.538
2018-08-13,-0.00320333480718043,7709.272
2018-08-14,-0.00403142971167616,7687.904
2018-08-15,-0.0149468445696329,7632.148
2018-08-16,0.00780354954140312,7595.07
2018-08-17,0.000292468086570558,7573.386
2018-08-20,0.00432223470250405,7563.148
2018-08-21,-0.00336702997921299,7553.96
2018-08-22,0.00112877856642478,7569.234
2018-08-23,-0.00145493145186838,7570.602
2018-08-24,0.00188676251649423,7574.382
2018-08-28,0.00524316099394397,7579.574
2018-08-29,-0.00709051333688671,7579.076
2018-08-30,-0.00623809202706262,7567.434
2018-08-31,-0.01112422382561,7541.274
2018-09-03,0.00971150715379382,7526.696
2018-09-04,-0.00622818004956969,7494.824
2018-09-05,-0.0100001877214107,7458.838
2018-09-06,-0.00871157534320786,7419.424
2018-09-07,-0.00563741296577659,7388.48
2018-09-10,0.000219849677782866,7343.42
2018-09-11,-0.00079128487629308,7306.556
2018-09-12,0.00547463820918008,7292.572
2018-09-13,-0.00434683920933743,7285.094
2018-09-14,0.00308587296420968,7290.362
2018-09-17,-0.000265606431509083,7294.922
2018-09-18,-0.000256090713630435,7300.26
2018-09-19,0.00423137353206684,7303.812
2018-09-20,0.00493785397047106,7320.962
2018-09-21,0.0166831357942915,7358.2
2018-09-24,-0.00424820065605458,7389.462
2018-09-25,0.00658987639456674,7430.928
2018-09-26,0.000523472339881317,7467.002
2018-09-27,0.00451974242127725,7502.626
2018-09-28,-0.00467037044890686,7506.62
2018-10-01,-0.00193470213842504,7514.072
2018-10-02,-0.00281762670982046,7507.47
2018-10-03,0.00478022088286245,7507.228
2018-10-04,-0.0122418871200541,7481.808
2018-10-05,-0.0134531445040265,7443.476
2018-10-08,-0.0116430326267261,7391.008
2018-10-09,0.000588940363567018,7343.616
2018-10-10,-0.0126906884750311,7270.708
2018-10-11,-0.0194255598440469,7188.426
2018-10-12,-0.00157272871286005,7123.9
2018-10-15,0.00476135341935508,7083.078
2018-10-16,0.00429350624962647,7047.44
2018-10-17,-0.000679944471201415,7029.212
2018-10-18,-0.00391375839877535,7033.224
2018-10-19,0.00324605556575438,7044.002
2018-10-22,-0.000992935969814746,7046.718
2018-10-23,-0.0124368149031635,7025.88
2018-10-24,0.00111714815224839,7007.556
2018-10-25,0.00590551746522334,7002.978
2018-10-26,-0.00921460287545865,6980.93
2018-10-29,0.0125022335710044,6977.634
2018-10-30,0.00135632877523379,6993.762
2018-10-31,0.0131114222162212,7026.786
2018-11-01,-0.00188549543356582,7048.898
2018-11-02,-0.00288699670820531,7079.81
2018-11-05,0.00137014879928733,7095.314
2018-11-06,-0.00889096601274801,7096.28
2018-11-07,0.0108796309447382,7094.116
2018-11-08,0.00328777285704659,7099.32
2018-11-09,-0.00494910848826724,7101.564
2018-11-12,-0.00735503156780678,7091.412
2018-11-13,0.0000964117803853481,7094.028
2018-11-14,-0.0028311141859094,7077.33
2018-11-15,0.000599961045183358,7056.796
2018-11-16,-0.0034285259611737,7038.504
2018-11-19,-0.00185204195110264,7028.066
2018-11-20,-0.00756618087128926,7006.898
2018-11-21,0.0147252702967218,7010.186
2018-11-22,-0.0127527754413686,6994.648
2018-11-23,-0.00107178980276769,6982.444
2018-11-26,0.0119576692181347,6989.466
2018-11-27,-0.00272171688459347,7003.252
2018-11-28,-0.00175719874302571,6994.11
2018-11-29,0.00491539748619454,7009.836
2018-11-30,-0.00834073263768034,7015.312
2018-12-03,0.0117718015426404,7020.594
2018-12-04,-0.00561423083621591,7021.776
2018-12-05,-0.0143704184679528,7005.24
2018-12-06,-0.0314641771552073,6938.26
2018-12-07,0.0110470536466762,6897.834
2018-12-10,-0.00834598435257022,6829.66
2018-12-11,0.0127054216741996,6786.496
2018-12-12,0.0107610761957649,6778.166
2018-12-13,-0.000390977574747151,6812.856
2018-12-14,-0.00470083605961468,6826.268
2018-12-17,-0.0105081393157511,6836.608
2018-12-18,-0.0105783937967649,6815.538
2018-12-19,0.00960219888116096,6792.688
2018-12-20,-0.0079826306470349,6759.574
2018-12-21,0.00137665321301023,6734.774
2018-12-24,-0.00523420773466529,6717.324
2018-12-27,-0.0151525802461564,6693.942
2018-12-28,0.0226723242435471,6687.548
2018-12-31,-0.000867244730820028,6690.788
2019-01-02,0.000906641221260507,6693.4
2019-01-03,-0.00617294033616311,6694.734
2019-01-04,0.0216296659325291,6745.282
2019-01-07,-0.00388158106420257,6760.664
2019-01-08,0.00744690847585044,6787.358
2019-01-09,0.00656260930395239,6821.838
2019-01-10,0.00524713210350052,6871.88
2019-01-11,-0.00355616625401305,6888.032
2019-01-14,-0.00912956875941358,6896.86
2019-01-15,0.00583513979536165,6903.544
2019-01-16,-0.00469034172489712,6894.754
2019-01-17,-0.00404506694177788,6873.164
2019-01-18,0.0195188824448567,6883.194
2019-01-21,0.000324324479466417,6906.308
2019-01-22,-0.00992742364706572,6907.582
2019-01-23,-0.00847800225751627,6903.622
2019-01-24,-0.00349706556303783,6900.428
2019-01-25,-0.00142690590193498,6868.606
2019-01-28,-0.00912292450530309,6823.908
2019-01-29,0.0128692327073854,6810.416
2019-01-30,0.015759599527651,6830.166
2019-01-31,0.00392126921198627,6860.146
2019-02-01,0.00737137404306304,6902.346
2019-02-04,0.00198141938571724,6959.752
2019-02-05,0.0203635701927601,7028.44
2019-02-06,-0.000596318707270176,7074.732
2019-02-07,-0.0110844838138097,7099.678
2019-02-08,-0.00315778492665194,7109.87
2019-02-11,0.00819240918771681,7128.866
2019-02-12,0.00056528795319481,7120.02
2019-02-13,0.00808900428142442,7123.57
2019-02-14,0.000858036056983617,7144.256
2019-02-15,0.00551201123800023,7177.356
2019-02-18,-0.002378162361746,7195.428
2019-02-19,-0.0055821272198652,7204.634
2019-02-20,0.00688798287267189,7212.19
2019-02-21,-0.00847049644330447,7206.266
2019-02-22,0.00156402818878281,7194.65
2019-02-25,0.000716017050678324,7187.504
2019-02-26,-0.00454081021863262,7181.894
2019-02-27,-0.00614169528689213,7157.61
2019-02-28,-0.004568606483566,7139.078
2019-03-01,0.0045231408124409,7124.704
2019-03-04,0.00389208538948303,7114.834
2019-03-05,0.00687374814104639,7121.296
2019-03-06,0.00174986044271326,7139.056
2019-03-07,-0.00534324624791548,7155.62
2019-03-08,-0.00743829941809694,7155.136
2019-03-11,0.00370338569122117,7154.382
2019-03-12,0.0028791325298501,7147.926
2019-03-13,0.00112429469386042,7140.564
2019-03-14,0.00366521910998321,7146.14
2019-03-15,0.00596345660593722,7170.934
2019-03-18,0.00981007929963973,7204.648
2019-03-19,0.00339900728710999,7239.218
2019-03-20,-0.00450436919715999,7265.582
2019-03-21,0.00881907993542735,7299.558
2019-03-22,-0.0200834499157752,7295.42
2019-03-25,-0.00416366635727063,7271.098
2019-03-26,0.00260672817300539,7245.556
2019-03-27,-0.000291817033499256,7226.192
2019-03-28,0.00557950234842287,7201.996
2019-03-29,0.006200988896,7216.316
2019-04-01,0.00524646286193938,7244.276
2019-04-02,0.0100773774219734,7283.242
2019-04-03,0.00367467988613361,7328.06
2019-04-04,-0.00220266692548679,7361.582
2019-04-05,0.00607003028935661,7395.118
2019-04-08,0.000674108719502346,7422.02
2019-04-09,-0.00353198987102609,7428.91
2019-04-10,-0.00049289145479739,7429.636
2019-04-11,-0.000533555378602009,7432.838
2019-04-12,0.00257618344690926,7430.876
2019-04-15,-0.0000255477298825758,7427.872
2019-04-16,0.0044440739181941,7436.742
2019-04-17,0.000187418339152178,7446.624
2019-04-18,-0.00153118859853407,7455.01
2019-04-23,0.00847064564041239,7472.212
2019-04-24,-0.00682168316923805,7479.188
2019-04-25,-0.00503496503496502,7472.03
2019-04-26,-0.000799017504402063,7463.404
2019-04-29,0.0016787400429984,7459.56
2019-04-30,-0.00301586149615755,7438.59
2019-05-01,-0.00444311438593086,7421.292
2019-05-02,-0.00459699455401703,7404.728
2019-05-03,0.00398976508948744,7395.218
2019-05-07,-0.0162817858613887,7359.18
2019-05-08,0.00145031933194404,7329.736
2019-05-09,-0.00874570210424978,7294.166
2019-05-10,-0.000571633915650683,7264.562
2019-05-13,-0.00549887620795493,7221.17
2019-05-14,0.0108770911040136,7217.396
2019-05-15,0.0076433384887317,7222.586
2019-05-16,0.00775118371374347,7251.806
2019-05-17,-0.000664988556485315,7280.872
2019-05-20,-0.00513565812356603,7310.312
2019-05-21,0.00246755520539251,7327.776
2019-05-22,0.000719069112502187,7335.224
2019-05-23,-0.0140642661289113,7310.73
2019-05-24,0.00645688586980567,7296.552
2019-05-28,-0.00120642013375046,7288.166
2019-05-29,-0.0115078518905756,7259.442
2019-05-30,0.00457322589175117,7236.236
2019-05-31,-0.00782055260620433,7222.37
2019-06-03,0.00322409033596727,7203.784
2019-06-04,0.00410449838548043,7192.852
2019-06-05,0.000821979709715064,7199.836
2019-06-06,0.00548875242028638,7208.174
2019-06-07,0.00992995723052119,7242.22
2019-06-10,0.00594658439648993,7280.368
2019-06-11,0.0031062132399797,7317.2
2019-06-12,-0.00416708905243665,7346.68
2019-06-13,0.000128942589330044,7368.424
2019-06-14,-0.00309286605135053,7371.192
2019-06-17,0.00156960867327917,7367.546
2019-06-18,0.0116523566357812,7376.464
2019-06-19,-0.00530697134504181,7383.648
2019-06-20,0.00282297387465991,7394.822
2019-06-21,-0.00228165356579077,7407.166
2019-06-24,0.0012406344920688,7419.042
2019-06-25,0.000773930149433331,7414.92
2019-06-26,-0.000813749674971669,7417.49
2019-06-27,-0.00189580105684847,7413.068
2019-06-28,0.00314765756187581,7416.694
2019-07-01,0.00967864006151665,7432.856
2019-07-02,0.00822807602534173,7460.208
2019-07-03,0.00663166291626485,7498.794
2019-07-04,-0.000754338101170641,7539.044
2019-07-05,-0.00663371727528343,7564.546
2019-07-08,-0.000512369689956745,7574.9
2019-07-09,-0.0016955281768966,7570.356
2019-07-10,-0.000766937306192509,7554.63
2019-07-11,-0.00277132639904177,7535.878
2019-07-12,-0.000512662087773003,7526.444
2019-07-15,0.00343060257368468,7522.934
2019-07-16,0.00603846133419718,7531.08
2019-07-17,-0.00550863115662775,7532.034
2019-07-18,-0.00562274897617397,7528.688
2019-07-19,0.00208325270349077,7529.234
2019-07-22,0.000829704209783381,7525.876
2019-07-23,0.00557955962330978,7521.808
2019-07-24,-0.00733108725052464,7515.008
2019-07-25,-0.00165434462091378,7514.2
2019-07-26,0.00801303236057981,7522.272
2019-07-29,0.0182208115977353,7556.608
2019-07-30,-0.00518303907704427,7574.59
2019-07-31,-0.00784514245884219,7591.654
2019-08-01,-0.000251753708424372,7610.818
2019-08-02,-0.0234427221560817,7582.418
2019-08-05,-0.0247345100485213,7489.866
2019-08-06,-0.00722052645057701,7394.85
2019-08-07,0.00376619736770555,7317.234
2019-08-08,0.0121132982344034,7257.44
2019-08-09,-0.00439890747882887,7226.798
2019-08-12,-0.00374008285255418,7227.372
2019-08-13,0.00334591626630053,7243.214
2019-08-14,-0.0142078914341667,7233.05
2019-08-15,-0.0113138441048255,7189.272
2019-08-16,0.00709493831195929,7161.932
2019-08-19,0.0101866617958031,7154.518
2019-08-20,-0.00899209280006671,7129.338
2019-08-21,0.0110835087719299,7140.556
2019-08-22,-0.0105205879535867,7152.79
2019-08-23,-0.0046575703756079,7148.356
2019-08-27,-0.000761101511209283,7128.342
2019-08-28,0.00354463875151985,7126.284
2019-08-29,0.00978395465170044,7122.354
2019-08-30,0.0031819295354328,7138.154
2019-09-02,0.010372989158034,7175.546
2019-09-03,-0.00188823308074497,7211.268
2019-09-04,0.00592582197218298,7250.578
2019-09-05,-0.00548332298400004,7267.948
2019-09-06,0.00153620393966859,7282.98
2019-09-09,-0.00638942977119988,7273.754
2019-09-10,0.00444179711739244,7273.706
2019-09-11,0.00964233380802013,7279.06
2019-09-12,0.000904875014138717,7293.76
2019-09-13,0.00310293042437577,7310.784
2019-09-16,-0.00625045809546305,7327.904
2019-09-17,-0.000137951569438157,7338.394
2019-09-18,-0.000867438937762889,7333.598
2019-09-19,0.0057929601246915,7335.948
2019-09-20,-0.00156326039024417,7331.44
2019-09-23,-0.0025650381488158,7332.374
2019-09-24,-0.00472967808159338,7326.58
2019-09-25,-0.000197492124315876,7321.768
2019-09-26,0.00837998406033481,7320.7
2019-09-27,0.0102202669539714,7336.958
2019-09-30,-0.00242384742688397,7353.384
2019-10-01,-0.00646444957688839,7367.162
2019-10-02,-0.0323056606234511,7333.672
2019-10-03,-0.00630393090105491,7278.984
2019-10-04,0.010983887284462,7224.818
2019-10-07,0.00593958671656851,7182.752
2019-10-08,-0.0076036277348331,7139.318
2019-10-09,0.00326886597649501,7148.11
2019-10-10,0.00277122723784269,7169.854
2019-10-11,0.00844934013881858,7188.194
2019-10-14,-0.0046404896868808,7191.308
2019-10-15,-0.00025092015609722,7205.006
2019-10-16,-0.0060582613663467,7205.296
2019-10-17,0.00200475728764848,7204.488
2019-10-18,-0.00442057719511244,7185.186
2019-10-21,0.00182782631314715,7175.224
2019-10-22,0.00681915897504613,7175.394
2019-10-23,0.00668978397197085,7193.952
2019-10-24,0.00929795034665891,7223.138
2019-10-25,-0.000515812097021764,7257.918
2019-10-28,0.000929760105509271,7291.446
2019-10-29,-0.00341277375847049,7310.2
2019-10-30,0.0033560262021882,7324.208
2019-10-31,-0.0112402772965496,7308.234
2019-11-01,0.00745545901291047,7303.824
2019-11-04,0.00921201464719908,7311.506
2019-11-05,0.00249535597833835,7327.87
2019-11-06,0.00115997661097331,7341.044
2019-11-07,0.00131951626749951,7372.65
2019-11-08,-0.0063499050147102,7384.042
2019-11-11,-0.004190570401311,7375.812
2019-11-12,0.00503510931235957,7371.284
2019-11-13,-0.00193199591606198,7362.196
2019-11-14,-0.00795107200039175,7339.466
2019-11-15,0.00139590497973324,7328.178
2019-11-18,0.000651792291871523,7324.01
2019-11-19,0.00220315557562576,7315.682
2019-11-20,-0.0083713372839237,7297.938
2019-11-21,-0.00329639008108784,7287.096
2019-11-22,0.012193049712995,7291.87
2019-11-25,0.00948298099718698,7309.588
2019-11-26,0.000926139997214869,7325.456
2019-11-27,0.00359847308034151,7358.914
2019-11-28,-0.00179682305532593,7394.49
2019-11-29,-0.00942501985456622,7398.434
2019-12-02,-0.00824743110012484,7376.364
2019-12-03,-0.0174555376519707,7327.488
2019-12-04,0.00415435075348242,7279.232
2019-12-05,-0.00704597621200524,7223.516
2019-12-06,0.0142633986424483,7202.142
2019-12-09,-0.000795617473748797,7191.734
2019-12-10,-0.0027841136869461,7202.734
2019-12-11,0.000345173668100932,7208.284
2019-12-12,0.00792932617356664,7235.408
2019-12-13,0.0109947521609355,7258.164
2019-12-16,0.0225214321460433,7315.194
2019-12-17,0.000828562118884641,7377.498
2019-12-18,0.00205573746093172,7442.398
2019-12-19,0.00438550542054832,7502.468
2019-12-20,0.00114341243916542,7548.276
2019-12-23,0.00542170899230866,7569.184
2019-12-24,0.00113463604417337,7590.576
2019-12-27,0.0016587528694066,7611.406
2019-12-30,-0.00756713626077509,7614.052
2019-12-31,-0.00587975563624868,7606.044
2020-01-02,0.00820158993641323,7602.186
2020-01-03,0.00238023223702372,7600.218
2020-01-06,-0.00617390848026862,7586.306
2020-01-07,-0.00019669084159916,7583.666
2020-01-08,0.000142595905649033,7590.164
2020-01-09,0.00306141442891216,7588.928
2020-01-10,-0.00135165014503581,7582.018
2020-01-13,0.00392074171207918,7590.47
2020-01-14,0.000623555975635371,7600.17
2020-01-15,0.0026828996306913,7613.744
2020-01-16,-0.00431648087088499,7616.082
2020-01-17,0.00850875383222446,7633.424
2020-01-20,-0.00301255055664439,7640.192
2020-01-21,-0.00532448793952508,7637.862
2020-01-22,-0.00509545771085442,7623.686
2020-01-23,-0.00848529831271329,7603.258
2020-01-24,0.0104306662386599,7585.542
2020-01-27,-0.0229278221139522,7537.664
2020-01-28,0.00926059592150612,7511.662
2020-01-29,0.000384991224071591,7493.992
2020-01-30,-0.0135777443118725,7468.85
2020-01-31,-0.0129979029959523,7408.856
2020-02-03,0.00553114804948115,7391.708
2020-02-04,0.0154934748870849,7383.534
2020-02-05,0.00573400969378289,7383.316
2020-02-06,0.00298163175845447,7407.882
2020-02-07,-0.00507542516179669,7444.02
2020-02-10,-0.00265445243548016,7468.134
2020-02-11,0.00705798938615897,7480.058
2020-02-12,0.00465768110685602,7490.436
2020-02-13,-0.0109285846062777,7479.884
2020-02-14,-0.00575682062471563,7468.37
2020-02-17,0.00325544294674272,7465.644
2020-02-18,-0.00689335082231861,7442.158
2020-02-19,0.0101611891612176,7426.688
2020-02-20,-0.00273299521792889,7423.61
2020-02-21,-0.00439983648529447,7422.568
2020-02-24,-0.033372861943403,7367.284
2020-02-25,-0.0194150203372163,7294.458
2020-02-26,0.00350390716284692,7211.548
2020-02-27,-0.0349408659177818,7083.5
2020-02-28,-0.0317506326878936,6918.838
2020-03-02,0.0112877073705934,6818.45
2020-03-03,0.00951330525373064,6758.514
2020-03-04,0.0144964424994791,6713.138
2020-03-05,-0.0161629440738072,6694.944
2020-03-06,-0.0362213907236374,6671.332
2020-03-09,-0.0768705851405405,6533.508
2020-03-10,-0.000928631174182188,6381.914
2020-03-11,-0.0140447600176502,6194.1
2020-03-12,-0.108744631176275,5900.51
2020-03-13,0.024559520991011,5681.222
2020-03-16,-0.0400718583853107,5518.284
2020-03-17,0.0279203584491019,5385.218
2020-03-18,-0.0404766851120889,5226.03
2020-03-19,0.0139806872443697,5208.856
2020-03-20,0.00760344824239414,5173.79
2020-03-23,-0.0379307156149942,5142.352
2020-03-24,0.0905346333219194,5172.574
2020-03-25,0.0444710898437571,5294.098
2020-03-26,0.0224200977462114,5426.922
2020-03-27,-0.0525127542028257,5490.832
2020-03-30,0.00969270442968023,5604.802
2020-03-31,0.0194509448680205,5649.992
2020-04-01,-0.0383271391194579,5603.266
2020-04-02,0.00470247883884533,5536.164
2020-04-03,-0.0118097448642573,5517.198
2020-04-06,0.0308170990674915,5520.928
2020-04-07,0.0218651867748401,5527.426
2020-04-08,-0.00468406244247916,5572.058
2020-04-09,0.0290485810350264,5644.546
2020-04-14,-0.00878880509904726,5719.708
2020-04-15,-0.0334397571533903,5722.76
2020-04-16,0.00549873607674661,5707.556
2020-04-17,0.028165936149157,5729.402
2020-04-20,0.00447039550990501,5723.436
2020-04-21,-0.0295553112683495,5693.38
2020-04-22,0.0229745277015014,5727.976
2020-04-23,0.00970084722118721,5767.612
2020-04-24,-0.0127655703745403,5760.666
2020-04-27,0.0164388419795454,5767.458
2020-04-28,0.0191062104163139,5830.952
2020-04-29,0.0263069564487707,5899.876
2020-04-30,-0.0350010220350762,5914.796
2020-05-01,-0.0234104531104637,5916.962
2020-05-04,-0.00161025566279037,5898.36
2020-05-05,0.0166221162435825,5876.544
2020-05-06,0.000741953903122044,5824.246
2020-05-07,0.0140456732083309,5831.2
2020-05-11,0.000631740672980704,5866.534
2020-05-12,0.00926641446665099,5914.732
2020-05-13,-0.0151331910982407,5925.658
2020-05-14,-0.0275251733979218,5903.214
2020-05-15,0.0101418783113939,5875.972
2020-05-18,0.0429017012743608,5897.744
2020-05-19,-0.00766459621167918,5899.236
2020-05-20,0.0108176461081965,5931.858
2020-05-21,-0.0085558976522788,5986.6
2020-05-22,-0.00365238352520681,6025.302
2020-05-26,0.0124272518554115,6029.136
2020-05-27,0.0126059699131145,6057.54
2020-05-28,0.012131667819506,6087.866
2020-05-29,-0.0228645765494573,6100.136
2020-06-01,0.0147812921699634,6134.764
2020-06-02,0.00871169981934417,6165.24
2020-06-03,0.0260878372512515,6212.872
2020-06-04,-0.00641920528452422,6237.402
2020-06-05,0.022528006257254,6318.942
2020-06-08,-0.00180590040559506,6380.176
2020-06-09,-0.0211460945309374,6403.292
2020-06-10,-0.00104013434937152,6392.636
2020-06-11,-0.0398838386950498,6339.688
2020-06-12,0.00468675432389298,6263.864
2020-06-15,-0.00663043513868559,6182.286
2020-06-16,0.0293650139330882,6163.7
2020-06-17,0.00167553289474739,6148.524
2020-06-18,-0.00466637348578744,6177.998
2020-06-19,0.0110104802805882,6215.482
2020-06-22,-0.00762482916441542,6251.466
2020-06-23,0.0120904074227095,6266.932
2020-06-24,-0.0310801060739354,6241.02
2020-06-25,0.00382939044922273,6225.634
2020-06-26,0.00197815569516879,6198.974
2020-06-29,0.010791810757716,6195.204
2020-06-30,-0.00899968999818507,6165.128
2020-07-01,-0.00190931870710917,6171.982
2020-07-02,0.0133810547648896,6190.626
2020-07-03,-0.0133101295438083,6190.226
2020-07-06,0.0208922742110989,6202.26
2020-07-07,-0.0152785422705276,6206.292
2020-07-08,-0.0054508150373996,6205.932
2020-07-09,-0.0173062428526874,6167.784
2020-07-10,0.00756907045401198,6155.406
2020-07-13,0.013252594985407,6133.456
2020-07-14,0.000576407137733846,6131.426
2020-07-15,0.0182693474655123,6158.724
2020-07-16,-0.00666809690670863,6198.938
2020-07-17,0.00633690040619525,6237.916
2020-07-20,-0.00457529847543038,6254.982
2020-07-21,0.00131118322707571,6272.978
2020-07-22,-0.00998926588545268,6255.868
2020-07-23,0.000699199304022689,6248.018
2020-07-24,-0.0141062297953453,6214.722
2020-07-27,-0.00309284074319618,6183.394
2020-07-28,0.0039935264902832,6155.3
2020-07-29,0.000358934031188075,6140.172
2020-07-30,-0.0230728081076938,6095.882
2020-07-31,-0.0153973545865685,6050.67
2020-08-03,0.022905306421421,6036.264
2020-08-04,0.000522141276511041,6017.612
2020-08-05,0.0113850231941684,6012.264
2020-08-06,-0.0127409610924007,6019.654
2020-08-07,0.000869429594454349,6046.538
2020-08-10,0.00305196462970267,6050.086
2020-08-11,0.0171470881352066,6073.754
2020-08-12,0.0204376098818069,6108.834
2020-08-13,-0.0150474831691114,6140.57
2020-08-14,-0.015451967628144,6152.142
2020-08-17,0.006141174770609,6167.512
2020-08-18,-0.0082938388625592,6151.968
2020-08-19,0.00581902439184936,6118.34
2020-08-20,-0.0161387962656945,6083.884
2020-08-21,-0.0019040998845899,6066.254
2020-08-24,0.0171346026001808,6061.712
2020-08-25,-0.0110930376937226,6053.79
2020-08-26,0.00142288980803413,6040.514
2020-08-27,-0.00754432976048706,6037.844
2020-08-28,-0.00607001011668354,6030.18
2020-09-01,-0.0170233601684896,5981.644
2020-09-02,0.0134594553100024,5962.432
2020-09-03,-0.0151642414092023,5923.484
2020-09-04,-0.00884998102842996,5883.302
2020-09-07,0.0238520592921635,5878.068
2020-09-08,-0.00119580961363551,5891.718
2020-09-09,0.0139183515167867,5906.096
2020-09-10,-0.00158327845078207,5936.588
2020-09-11,0.00479234823397727,5983.19
2020-09-14,-0.000968155315985031,6000.96
2020-09-15,0.0131574362165526,6036.008
2020-09-16,-0.0044320404092022,6049.136
2020-09-17,-0.00469854305681675,6058.456
2020-09-18,-0.00708604411297999,6053.448
2020-09-21,-0.0337536727678312,6009.056
2020-09-22,0.00433644769644523,5953.84
2020-09-23,0.0119736647991409,5917.996
2020-09-24,-0.0129643379000079,5872.568
2020-09-25,0.00341589412617346,5839.692
2020-09-28,0.0145926434318557,5864.42
2020-09-29,-0.00513332647315341,5878.028
2020-09-30,-0.00532428995337001,5871.396
2020-10-01,0.00227578800225012,5882.73
2020-10-02,0.00385580283870091,5894.62
2020-10-05,0.00691615893949966,5897.622
2020-10-06,0.00117786819318385,5908.11
2020-10-07,-0.000620174321085524,5924.14
2020-10-08,0.00534454488122762,5943.856
2020-10-09,0.00646032221317054,5966.762
2020-10-12,-0.00253795716885635,5978.45
2020-10-13,-0.00527711959582631,5982.404
2020-10-14,-0.00580430205152338,5980.166
2020-10-15,-0.0172769946723369,5951.064
2020-10-16,0.0149266526304238,5931.65
2020-10-19,-0.00590075647258763,5908.304
2020-10-20,0.000776596738973536,5892.206
2020-10-21,-0.0191400558987438,5860.494
2020-10-22,0.00158400415476493,5851.12
2020-10-23,0.0128991556696309,5839.26
2020-10-26,-0.0116496140116171,5820.732
2020-10-27,-0.0108805060764744,5788.686
2020-10-28,-0.0255175868695878,5749.946
2020-10-29,-0.000188077667120474,5709.166
2020-10-30,-0.000802615667129406,5652.564
2020-11-02,0.0139315471547908,5625.156
2020-11-03,0.0233069317785948,5636.712
2020-11-04,0.0166742414161959,5696.804
2020-11-05,0.00389579926775292,5761.69
2020-11-06,0.000650166435835031,5828.24
2020-11-09,0.0467460347003901,5934.504
2020-11-10,0.0178717777537103,6036.52
2020-11-11,0.0135385152893907,6136.288
2020-11-12,-0.00676266432678911,6222.84
2020-11-13,-0.00355737710090319,6304.114
2020-11-16,0.0166075875618826,6351.114
2020-11-17,-0.0087147598068301,6364.81
2020-11-18,0.00312788182230927,6365.438
2020-11-19,-0.00796994318146216,6364.52
2020-11-20,0.0026995666485116,6371.532
2020-11-23,-0.00277259523415908,6354.042
2020-11-24,0.0155245475098834,6367.41
2020-11-25,-0.00638664711909044,6368.58
2020-11-26,-0.00440613416490768,6374.296
2020-11-27,0.000730795404004073,6377.522
2020-11-30,-0.0159228466701636,6363.992
2020-12-01,0.0189173963764265,6354.504
2020-12-02,0.0123200197972351,6368.964
2020-12-03,0.00415880830338261,6394.432
2020-12-04,0.00923844462557014,6430.962
2020-12-07,0.000787758597789813,6488.802
2020-12-08,0.000523233552847257,6523.62
2020-12-09,0.000833991480174826,6543.8
2020-12-10,0.00540347851785955,6565.698
2020-12-11,-0.00803211025855489,6565.002
2020-12-14,-0.00227899339366863,6560.29
2020-12-15,-0.00283381533199734,6551.19
2020-12-16,0.00884188094550861,6552.514
2020-12-17,-0.00302089056158119,6542.774
2020-12-18,-0.00333991750953282,6539.26
2020-12-21,-0.0172854784214864,6516.158
2020-12-22,0.00574160889731188,6504.126
2020-12-23,0.00659986735180906,6489.094
2020-12-24,0.000979101720355567,6479.304
2020-12-29,0.0154626728861862,6493.998
2020-12-30,-0.00709260675637811,6521.898
2020-12-31,-0.014536701739828,6523.37
2021-01-04,0.0172370025942184,6538.596
2021-01-05,0.00614283888324192,6560.624
2021-01-06,0.0347249423418654,6608.466
2021-01-07,0.00220700218946315,6668.694
2021-01-08,0.00237714672391266,6751.242
2021-01-11,-0.010879844498826,6796.562
2021-01-12,-0.00652645885550886,6824.934
2021-01-13,-0.00127181819662387,6805.666
2021-01-14,0.00836703471340973,6794.666
2021-01-15,-0.00973983969326488,6767.156
2021-01-18,-0.00223584447667735,6751.59
2021-01-19,-0.00114572251195938,6743.358
2021-01-20,0.00408762168644195,6742.332
2021-01-21,-0.00370453341720587,6725.024
2021-01-22,-0.00303033912994278,6716.896
2021-01-25,-0.0083972236287297,6700.536
2021-01-26,0.00228352802066621,6688.748
2021-01-27,-0.0130207198366099,6654.144
2021-01-28,-0.00627648510743269,6616.29
2021-01-29,-0.0181868329719666,6558.768
2021-02-01,0.00920177418196915,6524.282
2021-02-02,0.00776782207156349,6496.81
2021-02-03,-0.00135499067772551,6484.9
2021-02-04,-0.000630011278738419,6480.414
2021-02-05,-0.00221257987736254,6496.788
2021-02-08,0.00527018968059874,6508.21
2021-02-09,0.00123092865365847,6511.192
2021-02-10,-0.00110234002290429,6514.5
2021-02-11,0.000668264779993836,6519.5
2021-02-12,0.00935405408717171,6539.592
2021-02-15,0.0252390440363046,6586.108
2021-02-16,-0.00107310271739211,6629.568
2021-02-17,-0.00562465364520823,6666.876
2021-02-18,-0.0139698103086024,6684.562
2021-02-19,0.00103821131453886,6691.408
2021-02-22,-0.0017783762730186,6662.634
2021-02-23,0.00207191511499882,6638.05
2021-02-24,0.00498495307835577,6627.664
2021-02-25,-0.00105271535988302,6634.626
2021-02-26,-0.0253353898700533,6606.508
2021-03-01,0.016210555215372,6601.766
2021-03-02,0.00382786448570474,6599.328
2021-03-03,0.00933207333207337,6602.628
2021-03-04,-0.00368363575898029,6602.412
2021-03-05,-0.00306124903772127,6631.83
2021-03-08,0.0133639593878006,6657.95
2021-03-09,0.00166837075633304,6681.268
2021-03-10,-0.000704273483954716,6691.294
2021-03-11,0.00168906863328174,6708.51
2021-03-12,0.00363813945755953,6734.7
2021-03-15,-0.00174074572541185,6740.814
2021-03-16,0.00798702164540644,6755.468
2021-03-17,-0.00601739370716423,6762.882
2021-03-18,0.00251527872866785,6771.426
2021-03-19,-0.0104680456894721,6760.874
2021-03-22,0.00259215258969315,6756.154
2021-03-23,-0.00400083257757107,6735.27
2021-03-24,0.00204502335356972,6725.314
2021-03-25,-0.00566968920986347,6704.344
2021-03-26,0.00985193630399579,6710.72
2021-03-29,-0.000655728949543003,6712.734
2021-03-30,0.0053368605602293,6727.32
2021-03-31,-0.00863688180363015,6727.468
2021-04-01,0.00352566346372977,6739.962
2021-04-06,0.0128018642482894,6756.554
2021-04-07,0.00905247268650476,6786.384
2021-04-08,0.00826395868311139,6820.404
2021-04-09,-0.00381290134856001,6860.828
2021-04-12,-0.00385063080649244,6891.192
2021-04-13,0.000198864296165532,6904.58
2021-04-14,0.00712431191395679,6915.432
2021-04-15,0.0063289132771724,6923.688
2021-04-16,0.00515930407388841,6944.444
2021-04-19,-0.00277084078278743,6966.636
2021-04-20,-0.0200297710883304,6960.512
2021-04-21,0.00516336315411226,6951.654
2021-04-22,0.00622888957534778,6942.602
2021-04-23,0.000046121206530852,6926.408
2021-04-26,0.00353963934879852,6919.016
2021-04-27,-0.00260659014924339,6936.036
2021-04-28,0.00269259622431772,6949.712
2021-04-29,-0.000314489342545024,6954.36
2021-04-30,0.00119658463430202,6960.61
2021-05-04,-0.00669171756475432,6952.62
2021-05-05,0.0167741078147727,6971.486
2021-05-06,0.00523773670677481,6993.986
2021-05-07,0.00756623992922725,7027.632
2021-05-10,-0.000845756699781582,7058.406
2021-05-11,-0.0246628147249737,7063.37
2021-05-12,0.00815199791594408,7056.436
2021-05-13,-0.00589610015090022,7033.868
2021-05-14,0.0115289667443593,7016.648
2021-05-17,-0.00152762574872818,6998.482
2021-05-18,0.000197643913918172,7015.732
2021-05-19,-0.0119472750432172,7004.846
2021-05-20,0.0100126615061437,7016.138
2021-05-21,-0.000247870662797574,7011.026
2021-05-24,0.00477910530702973,7014.774
2021-05-25,-0.0030915013493411,7013.884
2021-05-26,-0.000406840033628269,7029.23
2021-05-27,-0.00103316811182127,7029.206
2021-05-28,0.000418823107069079,7030.118
2021-06-01,0.00823767801429958,7035.892
2021-06-02,0.00388957779579292,7051.534
2021-06-03,-0.00614096792346647,7059.018
2021-06-04,0.000663896890725912,7068.892
2021-06-07,0.00115715853920763,7079.814
2021-06-08,0.00252500275531916,7082.74
2021-06-09,-0.00198447095103796,7077.342
2021-06-10,0.00101256741623018,7082.108
2021-06-11,0.00647274758823846,7095.112
2021-06-14,0.00176897867413505,7109.004
2021-06-15,0.00361006789166428,7124.482
2021-06-16,0.00173858972071031,7145.27
2021-06-17,-0.00438694771710305,7158.32
2021-06-18,-0.0190062669236995,7135.002
2021-06-21,0.00638691722230372,7118.124
2021-06-22,0.00392507246233166,7101.63
2021-06-23,-0.00224964421770912,7079.452
2021-06-24,0.00507629282194381,7070.76
2021-06-25,0.00367090156498543,7094.48
2021-06-28,-0.00884240205042824,7096.616
2021-06-29,0.00206136884505376,7096.124
2021-06-30,-0.00706591135159539,7088.806
2021-07-01,0.0124604438811106,7091.844
2021-07-02,-0.000265257201241715,7089.284
2021-07-05,0.00584562988627406,7107.672
2021-07-06,-0.00893660911302441,7110.338
2021-07-07,0.00706109665280928,7133.048
2021-07-08,-0.0168311653442447,7114.148
2021-07-09,0.0129745998241986,7113.87
2021-07-12,0.000497059765118194,7105.972
2021-07-13,-0.0000982398230560189,7110.74
2021-07-14,-0.00470614985571372,7098.774
2021-07-15,-0.0111645577117521,7095.046
2021-07-16,-0.000560466170946502,7072.288
2021-07-19,-0.0233587182813006,7016.082
2021-07-20,0.0053678998420604,6967.364
2021-07-21,0.0170248200513578,6948.782
2021-07-22,-0.00428390976068399,6940.038
2021-07-23,0.00850709642236984,6943.936
2021-07-26,-0.000305937463536471,6980.144
2021-07-27,-0.0041776802274025,7003.134
2021-07-28,0.00293735920687016,7006.804
2021-07-29,0.00880622179023263,7028.828
2021-07-30,-0.0065155783352782,7029.772
2021-08-02,0.00702757277135504,7041.03
2021-08-03,0.00338900719034359,7062.958
2021-08-04,0.00255287289676478,7084.404
2021-08-05,-0.000481480545659149,7092.806
2021-08-06,0.000353911210418405,7110.936
2021-08-09,0.00131265837890205,7121.052
2021-08-10,0.00402955568329989,7132.116
2021-08-11,0.00825299118563789,7151.372
2021-08-12,-0.00372707454426102,7165.932
2021-08-13,0.0035422195592245,7185.084
2021-08-16,-0.00896697609406673,7189.42
2021-08-17,0.00379229463878849,7193.434
2021-08-18,-0.00164180746430565,7183.27
2021-08-19,-0.0154073189646996,7156.396
2021-08-20,0.00411397874444315,7130.234
2021-08-23,0.00297972601193595,7121.242
2021-08-24,0.00235756827242001,7110.176
2021-08-25,0.00341576641434343,7106.336
2021-08-26,-0.00351602490587575,7119.56
2021-08-27,0.00323228977484858,7131.582
2021-08-31,-0.00396054286437769,7133.718
2021-09-01,0.00423332443782748,7138.53
2021-09-02,0.001966477571526,7141.286
2021-09-03,-0.00356649311129403,7143.96
2021-09-06,0.00684051636582683,7151.794
2021-09-07,-0.00526075595713484,7157.728
2021-09-08,-0.0075307334772155,7146.866
2021-09-09,-0.010051398556556,7118.928
2021-09-10,0.000710400173115522,7097.098
2021-09-13,0.00558100495077683,7073.348
2021-09-14,-0.0048624659224184,7050.286
2021-09-15,-0.00249784619408999,7034.478
2021-09-16,0.00156631022063735,7035.132
2021-09-17,-0.00908433748655268,7022.02
2021-09-20,-0.00857741066453758,6989.116
2021-09-21,0.0111632393817416,6978.5
2021-09-22,0.0146669951783274,6991.876
2021-09-23,-0.000708702213776709,7002.05
2021-09-24,-0.00379608242033819,7019.618
2021-09-27,0.00169042527242509,7051.516
2021-09-28,-0.00499759322705769,7060.94
2021-09-29,0.0113914144647913,7065.898
2021-09-30,-0.00305845675955518,7067.512
2021-10-01,-0.00837517392421002,7062.63
2021-10-04,-0.00228544756207061,7052.152
2021-10-05,0.00942660187333924,7061.952
2021-10-06,-0.0114778652272824,7039.494
2021-10-07,0.0117455012743233,7037.818
2021-10-08,0.00247384869257594,7051.514
2021-10-11,0.00722988351854334,7078.682
2021-10-12,-0.00232550004547469,7089.308
2021-10-13,0.00162547351207467,7118.498
2021-10-14,0.0092259396064309,7144.432
2021-10-15,0.00365164525209806,7172.128
2021-10-18,-0.00417471312670805,7183.524
2021-10-19,0.0019017661438429,7200.984
2021-10-20,0.000771732157677297,7217.24
2021-10-21,-0.00454098655701848,7213.758
2021-10-22,0.00198183664103028,7207.862
2021-10-25,0.00253589745369239,7211.66
2021-10-26,0.00758706433221376,7223.678
2021-10-27,-0.00334587406322389,7229.712
2021-10-28,-0.000523901633332301,7241.546
2021-10-29,-0.00164149930960478,7248.15
2021-11-01,0.00705347236710666,7261.31
2021-11-02,-0.00189473453136526,7260.748
2021-11-03,-0.00356297965170225,7259.872
2021-11-04,0.00427927586154563,7265.96
2021-11-05,0.00330361226993193,7279.238
2021-11-08,-0.000487406831362768,7281.594
2021-11-09,-0.00361076105418877,7281.44
2021-11-10,0.00908848452854255,7299.692
2021-11-11,0.00599851501672318,7320.546
2021-11-12,-0.00491185209461314,7329.336
2021-11-15,0.000537567825408833,7339.628
2021-11-16,-0.00338553780947943,7350.214
2021-11-17,-0.00488196348558824,7340.424
2021-11-18,-0.00483322361202543,7314.78
2021-11-19,-0.00446391655962827,7289.912
2021-11-22,0.00441471460787399,7270.632
2021-11-23,0.00154779986382663,7258.576
2021-11-24,0.00270136747267327,7257.6
2021-11-25,0.00330070598052243,7268.482
2021-11-26,-0.0364331764329302,7232.574
2021-11-29,0.00935827928046872,7203.472
2021-11-30,-0.00710272224136597,7162.024
2021-12-01,0.0154728767821856,7138.496
2021-12-02,-0.00550589508807762,7102.264
2021-12-03,-0.000966446492668939,7117.922
2021-12-06,0.0154387896078806,7142.388
2021-12-07,0.0148805079449357,7198.478
2021-12-08,-0.000388288668782879,7232.152
2021-12-09,-0.00215209109928377,7270.562
2021-12-10,-0.0040266292960502,7304.454
2021-12-13,-0.00827507138174769,7304.286
2021-12-14,-0.00177004856570742,7280.034
2021-12-15,-0.00663421364689198,7246.774
2021-12-16,0.0125314646306174,7234.644
2021-12-17,0.00128226140778811,7230.272
2021-12-20,-0.0098886920351256,7223.59
2021-12-21,0.0138065554047427,7239.344
2021-12-22,0.00606379523694023,7273.526
2021-12-23,0.00431510039963718,7296.072
2021-12-24,-0.000168173446497758,7316.508
2021-12-29,0.00659106631760275,7361.04
2021-12-30,-0.00238252777032855,7382.16
2021-12-31,-0.00249493111585696,7390.736
2022-01-04,0.0163327708970362,7417.098
2022-01-05,0.00156159437186469,7446.052
2022-01-06,-0.00884676733800106,7451.988
2022-01-07,0.00468567332897559,7468.442
2022-01-10,-0.00534782933971738,7480.584
2022-01-11,0.00619455357442663,7477.828
2022-01-12,0.00805593636410968,7484.798
2022-01-13,0.00160625658790317,7507.494
2022-01-14,-0.00276314310833776,7519.028
2022-01-17,0.00905216128968106,7552.224
2022-01-18,-0.00626442769434104,7566.66
2022-01-19,0.00345208268604024,7574.248
2022-01-20,-0.000612675666630605,7578.48
2022-01-21,-0.0119815267217842,7568.716
2022-01-24,-0.0262845720583978,7505.9
2022-01-25,0.0101834277765978,7467.482
2022-01-26,0.0133379276289907,7443.506
2022-01-27,0.0113162636650612,7437.366
2022-01-28,-0.0116807491352619,7431.754
2022-01-31,-0.000227696766839826,7465.198
2022-02-01,0.00956678192533326,7498.062
2022-02-02,0.00626610649461638,7520.706
2022-02-03,-0.00714229196887773,7515.612
2022-02-04,-0.00165231297251642,7525.678
2022-02-07,0.00759273056250341,7547.498
2022-02-08,-0.000845055172860069,7553.756
2022-02-09,0.0100897705452705,7565.84
2022-02-10,0.00379149647670801,7594.552
2022-02-11,-0.00148323862155247,7623.476
2022-02-14,-0.0168946171658605,7615.1
2022-02-15,0.0102674202923951,7623.47
2022-02-16,-0.000675522938866531,7615.542
2022-02-17,-0.00873381397147206,7588.536
2022-02-18,-0.00315096645116267,7559.056
2022-02-21,-0.00389825410388068,7549.604
2022-02-22,0.00132009144439116,7526.662
2022-02-23,0.000529742294384632,7505.542
2022-02-24,-0.0387827446126927,7439.544
2022-02-25,0.0391376616745613,7434.712
2022-02-28,-0.00416718962381801,7429.496
2022-03-01,-0.0171689069151611,7396.694
2022-03-02,0.013554882540722,7382.97
2022-03-03,-0.0256690840372781,7389.264
2022-03-04,-0.034772097777962,7288.8
2022-03-07,-0.00395870127119261,7189.046
2022-03-08,0.00066527958985443,7115.828
2022-03-09,0.0325396927963517,7068.06
2022-03-10,-0.0127428129589249,7040.108
2022-03-11,0.00796580970237033,7073.808
2022-03-14,0.00528673885215018,7120.606
2022-03-15,-0.00247029597676788,7162.924
2022-03-16,0.0161628830636733,7183.116
2022-03-17,0.0128447765124086,7240.366
2022-03-18,0.0026254715422715,7290.184
2022-03-21,0.00508593831240312,7339.968
2022-03-22,0.00461276552290325,7400.172
2022-03-23,-0.00215201318225106,7433.962
2022-03-24,0.000904749330820588,7450.37
2022-03-25,0.00213863496969489,7466.094
2022-03-28,-0.00136436221745609,7472.244
2022-03-29,0.00857872326759564,7484.35
2022-03-30,0.00550598693157319,7507.974
2022-03-31,-0.00832195282863265,7517.634
2022-04-01,0.00295648564068712,7528.544
2022-04-04,0.0027885750673265,7545.7
2022-04-05,0.00724971292195184,7560.994
2022-04-06,-0.00341751469715204,7562.784
2022-04-07,-0.00473002359081137,7570.01
2022-04-08,0.0155922884712407,7596.342
2022-04-11,-0.0066822607815833,7608.22
2022-04-12,-0.0054670917828233,7600.808
2022-04-13,0.000546414911055838,7599.428
2022-04-14,0.0046934360489658,7612.342
2022-04-19,-0.00198256914702265,7598.686
2022-04-20,0.00367569672476221,7600.868
2022-04-21,-0.000166465248085707,7611.126
2022-04-22,-0.013931659226922,7599.302
2022-04-25,-0.01876442496889,7552.134
2022-04-26,0.000765526641681996,7509.116
2022-04-27,0.00533698699870976,7468.394
2022-04-28,0.0112556409507098,7444.642
2022-04-29,0.00470889669857875,7449.216
2022-05-03,0.00222412204836601,7485.374
2022-05-04,-0.00897725664664816,7506.826
2022-05-05,0.00131047781729385,7522.358
2022-05-06,-0.0153706317378957,7498.108
2022-05-09,-0.0231945576168729,7432.514
2022-05-10,0.00369149929745119,7368.892
2022-05-11,0.0144190014938107,7339.734
2022-05-12,-0.0155586948770084,7285.748
2022-05-13,0.0255497460371004,7291.79
2022-05-16,0.00628862991446662,7341.434
2022-05-17,0.0071736684171043,7396.46
2022-05-18,-0.0106752146415105,7414.546
2022-05-19,-0.0181968758108601,7428.426
2022-05-20,0.0119462010149615,7422.792
2022-05-23,0.0167064051594186,7432.52
2022-05-24,-0.00387172852914234,7425.72
2022-05-25,0.00513070607333965,7442.652
2022-05-26,0.00560566282277094,7495.088
2022-05-27,0.00271516420530554,7534.184
2022-05-30,0.00192473495345046,7551.508
2022-05-31,0.000999992105325412,7576.17
2022-06-01,-0.00982036526343186,7578.21
2022-06-06,0.00999210136799002,7586.87
2022-06-07,-0.00122104776150006,7589.564
2022-06-08,-0.000780373026202411,7588.152
2022-06-09,-0.0153812722244172,7561.862
2022-06-10,-0.0212259955244702,7518.776
2022-06-13,-0.0152661010834272,7438.294
2022-06-14,-0.00254655618174783,7356
2022-06-15,0.0119583274202569,7292.082
2022-06-16,-0.0314061767451581,7205.836
2022-06-17,-0.00407808113010961,7145.582
2022-06-20,0.0150450739355069,7128.782
2022-06-21,0.00424611159241819,7121.7
2022-06-22,-0.00878489384162582,7084.862
2022-06-23,-0.00970064407649931,7079.956
2022-06-24,0.026830188948002,7118.468
2022-06-27,0.00686798514595326,7145.77
2022-06-28,0.00896763989463129,7180.042
2022-06-29,-0.00151432188010778,7224.662
2022-06-30,-0.0195615071550479,7254.428
2022-07-01,-0.0000878749330476853,7246.396
2022-07-04,0.0089277618519526,7241.262
2022-07-05,-0.0286451024175094,7181.674
2022-07-06,0.0117145187439417,7140.764
2022-07-07,0.0114395935715421,7144.724
2022-07-08,0.000995954976158264,7150.242
2022-07-11,0.0000486365101775877,7143.03
2022-07-12,0.00184392886075204,7179.908
2022-07-13,-0.0074190067490908,7189.628
2022-07-14,-0.0162875871426435,7159.774
2022-07-15,0.0169322751608353,7152.328
2022-07-18,0.00897191092064399,7157.658
2022-07-19,0.0101118057824467,7174.942
2022-07-20,-0.00438168491340784,7196.53
2022-07-21,0.000853487805448806,7242.67
2022-07-22,0.000805995727947513,7266.142
2022-07-25,0.0041133147434779,7282.754
2022-07-26,-0.00000273736364513318,7284.754
2022-07-27,0.00574163596248704,7301.538
2022-07-28,-0.000405539837484614,7316.486
2022-07-29,0.0106436132194276,7345.898
2022-08-01,-0.0013484332714123,7367.322
2022-08-02,-0.000581378095400018,7387.888
2022-08-03,0.00493581550280676,7407.378
2022-08-04,0.00031964844043796,7427.94
2022-08-05,-0.00111706941136358,7431.202
2022-08-08,0.00573003895297418,7444.992
2022-08-09,0.000772482515566558,7460.8
2022-08-10,0.00253200056088621,7473.086
2022-08-11,-0.00548813058553822,7476.656
2022-08-12,0.00468529623314512,7488.886
2022-08-15,0.00110120265728458,7494.242
2022-08-16,0.00358362797387198,7503.824
2022-08-17,-0.00269504223692492,7505.552
2022-08-18,0.00347270731463931,7520.74
2022-08-19,0.00112969629467565,7530.636
2022-08-22,-0.00219591887549881,7535.564
2022-08-23,-0.00606334925714684,7525.974
2022-08-24,-0.00221684777600749,7517.126
2022-08-25,0.00110151763164334,7504.704
2022-08-26,-0.0070096019380352,7480.092
2022-08-30,-0.00884304007776709,7445.66
2022-08-31,-0.0105248430035197,7404.868
2022-09-01,-0.0186226258382927,7340.266
2022-09-02,0.0185619360705042,7300.556
2022-09-05,0.000857002770151677,7272.58
2022-09-06,0.00178526586190184,7260.342
2022-09-07,-0.00857619540740006,7251.078
2022-09-08,0.00334768846463657,7273.79
2022-09-09,0.0122568527387545,7287.766
2022-09-12,0.016590782022209,7324.886
2022-09-13,-0.0116646126136253,7341.97
2022-09-14,-0.0146983560479077,7349.864
2022-09-15,0.000655462877715571,7353.866
2022-09-16,-0.00623311778107041,7330.988
2022-09-20,-0.00608289989332131,7274.914
2022-09-21,0.00625359741736722,7245.27
2022-09-22,-0.010793573595813,7221.714
2022-09-23,-0.0196828837687443,7169.02
2022-09-26,0.000334824608896283,7125.874
2022-09-27,-0.00517878634657698,7084.26
2022-09-28,0.00297798439135299,7037.81
2022-09-29,-0.0176721067635064,6982.224
2022-09-30,0.00177575240605736,6957.266
2022-10-03,0.00216861213175295,6934.828
2022-10-04,0.0257209687411344,6955.202
2022-10-05,-0.00477530388938908,6964.648
2022-10-06,-0.00784814721337595,6987.784
2022-10-07,-0.000883201591477861,7007.24
2022-10-10,-0.00454578613635352,7017.35
2022-10-11,-0.0106447334577711,6977.104
2022-10-12,-0.00858068648396639,6931.81
2022-10-13,0.00353347055074981,6902.41
2022-10-14,0.0012437465968494,6875.95
2022-10-17,0.00895930623331518,6868.136
2022-10-18,0.00238431037073859,6878.438
2022-10-19,-0.00169387925740333,6898.206
2022-10-20,0.00273213390921865,6916.934
2022-10-21,0.00371836616546005,6939.122
2022-10-24,0.00635031773110296,6957.872
2022-10-25,-0.000072711823085037,6973.22
2022-10-26,0.00607259163781748,6999.436
2022-10-27,0.00249714075965798,7025.392
2022-10-28,-0.00367841960843627,7040.98
2022-10-31,0.00664900598353778,7057.088
2022-11-01,0.0129155842599862,7091.624
2022-11-02,-0.00584735101918125,7109.238
2022-11-03,0.00622748154431461,7132.226
2022-11-04,0.020339063215105,7189.66
2022-11-07,-0.00475129655179941,7230.752
2022-11-08,0.000842466907488989,7254.748
2022-11-09,-0.00135365596607789,7285.17
2022-11-10,0.0108398149734453,7322.512
2022-11-11,-0.00776913335520806,7319.152
2022-11-14,0.00917322124503284,7336.188
2022-11-15,-0.00212994419898262,7348.848
2022-11-16,-0.00247644325756095,7359.836
2022-11-17,-0.000632550648262341,7354.076
2022-11-18,0.00530589910352363,7367.572
2022-11-21,-0.00117391869495988,7365.908
2022-11-22,0.0103011447975762,7382.588
2022-11-23,0.00166379527804161,7405.398
2022-11-24,0.000182177666089849,7429.41
2022-11-25,0.00268797042830736,7449.64
2022-11-28,-0.00168966977307663,7469.074
2022-11-29,0.00508160267165455,7480.906
2022-11-30,0.00812699680511185,7502.468
2022-12-01,-0.00192260713979181,7520.846
2022-12-02,-0.000299001520144926,7534.758
2022-12-05,0.00149677815524414,7553.462
2022-12-06,-0.00609841507279772,7555.34
2022-12-07,-0.00428112356891489,7538.568
2022-12-08,-0.00227260892032376,7521.304
2022-12-09,0.000596881494933873,7505.384
2022-12-12,-0.00410077802432377,7481.07
2022-12-13,0.00764440361699014,7477.37
2022-12-14,-0.000927642548404686,7478.718
2022-12-15,-0.00930638359749894,7469.518
2022-12-16,-0.012664671021536,7440.616
2022-12-19,0.00398111323873593,7423.684
2022-12-20,0.00126472054566368,7397.23
2022-12-21,0.0171898700516374,7397.508
2022-12-22,-0.00374000309443908,7406.13
2022-12-23,0.000499378788852536,7434.308
2022-12-28,0.00323564400422312,7461.484
2022-12-29,0.00207144276722354,7489.904
2022-12-30,-0.00811690040358225,7480.788
2023-01-03,0.0137350471165124,7497.75
2023-01-04,0.00411697504265894,7520.186
2023-01-05,0.00636239830511829,7547.438
2023-01-06,0.00865139615770064,7584.792
2023-01-09,0.00330541373519542,7639.432
2023-01-10,-0.00394177818856843,7667.512
2023-01-11,0.00396257581724062,7695.47
2023-01-12,0.00893982897043104,7727.588
2023-01-13,0.00641900734407313,7756.504
2023-01-16,0.00203975742184861,7783.53
2023-01-17,-0.00115011698369098,7814.838
2023-01-18,-0.00258946915245515,7835.982
2023-01-19,-0.0106516658791679,7826.632
2023-01-20,0.00300750326888501,7811.936
2023-01-23,0.0018119602243845,7796.856
2023-01-24,-0.00350817696832369,7778.122
2023-01-25,-0.00161008384295685,7760.956
2023-01-26,0.0020968718648602,7763.72
2023-01-27,0.000520544097429358,7762.632
2023-01-30,0.00253955171503451,7762.672
2023-01-31,-0.00169174308626863,7765.54
2023-02-01,-0.00136263623145517,7768.788
2023-02-02,0.00760844776069405,7780.598
2023-02-03,0.0104396840985351,7807.928
2023-02-06,-0.00823736363866463,7818.296
2023-02-07,0.00357292792511143,7836.898
2023-02-08,0.00260149452427363,7861.71
2023-02-09,0.00329479262970863,7879.908
2023-02-10,-0.00362779115552098,7876.038
2023-02-13,0.00826519673451789,7898.216
2023-02-14,0.000786400926065731,7916.044
2023-02-15,0.00552939771305714,7938.576
2023-02-16,0.00183799855710859,7958.852
2023-02-17,-0.00101965296853804,7983.234
2023-02-20,0.00124307252547371,7996.576
2023-02-21,-0.00456184000868452,8001.356
2023-02-22,-0.00590642725079125,7987.916
2023-02-23,-0.00288879950268766,7966.954
2023-02-24,-0.00367488985447138,7941.814
2023-02-27,0.00716492398453542,7925.974
2023-02-28,-0.00741388588185922,7905.68
2023-03-01,0.00490713890313708,7902.54
2023-03-02,0.00367785943779663,7909.804
2023-03-03,0.000386453240416678,7923.494
2023-03-06,-0.00217940861520725,7922.43
2023-03-07,-0.00130016053388556,7931.07
2023-03-08,0.00131826837115575,7934.068
2023-03-09,-0.00629766756789482,7921.256
2023-03-10,-0.0167043571176576,7881.504
2023-03-13,-0.025775810333813,7805.272
2023-03-14,0.0117213322152496,7748.798
2023-03-15,-0.038320778409634,7631.704
2023-03-16,0.00892919143026366,7537.714
2023-03-17,-0.0100714841910222,7455.124
2023-03-20,0.00933146113368061,7426.168
2023-03-21,0.0178785361669942,7405.99
2023-03-22,0.00406304486864766,7450.468
2023-03-23,-0.00888614005317937,7468.382
2023-03-24,-0.0125540028801537,7482.392
2023-03-27,0.00895556650844994,7495.976
2023-03-28,0.00167028696011783,7485.582
2023-03-29,0.01069178608411,7485.068
2023-03-30,0.00742437802986935,7509.234
2023-03-31,0.0014841682162292,7554.492
2023-04-03,0.00540636866559922,7594.738
2023-04-04,-0.00501498761892344,7624.792
2023-04-05,0.0037225654003132,7644.526
2023-04-06,0.0102597697489476,7668.752
2023-04-11,0.00570427665741787,7699.548
2023-04-12,0.00502458346819561,7729.916
2023-04-13,0.00236937752081831,7771.688
2023-04-14,0.00363746242053805,7813.482
2023-04-17,0.000965458192484462,7841.072
2023-04-18,0.0037984595488805,7865.816
2023-04-19,-0.00134902091677782,7880.602
2023-04-20,0.000486151641331402,7892.448
2023-04-21,0.00145774623826817,7900.892
2023-04-24,-0.000243867614001829,7907.43
2023-04-25,-0.0026629761633932,7903.768
2023-04-26,-0.00487762842584012,7894.542
2023-04-27,-0.00268190060922192,7880.336
2023-04-28,0.00497856115879552,7871.624
2023-05-02,-0.0123930033021751,7843.79
2023-05-03,0.00197349038920474,7823.238
2023-05-04,-0.0110074380133455,7793.238
2023-05-05,0.00983299232470942,7782.598
2023-05-09,-0.00183714346689156,7761.302
2023-05-10,-0.00293144463807094,7754.962
2023-05-11,-0.00138865027068992,7743.404
2023-05-12,0.00310972786000532,7753.8
2023-05-15,0.00297629026309477,7753.664
2023-05-16,-0.00342260565462796,7751.062
2023-05-17,-0.00359304767851711,7747.442
2023-05-18,0.00246917416676709,7749.786
2023-05-19,0.00188186972863357,7750.236
2023-05-22,0.00182032185662515,7748.894
2023-05-23,-0.00103461721093451,7751.268
2023-05-24,-0.0174997906723603,7732.042
2023-05-25,-0.00737239579918979,7697.756
2023-05-26,0.00744036022280133,7671.822
2023-05-30,-0.0137835640864275,7622.038
2023-05-31,-0.0100942958520726,7558.676
2023-06-01,0.00592656060724081,7531.31
2023-06-02,0.0156215997554159,7538.592
2023-06-05,-0.000958292582894276,7533.15
2023-06-06,0.00369868907722255,7554.356
2023-06-07,-0.000492914356130651,7589.996
2023-06-08,-0.00322650878633434,7611.89
2023-06-09,-0.00491858932016097,7602.906
2023-06-12,0.00110150799485874,7597.046
2023-06-13,0.00318200850913195,7590.382
2023-06-14,0.00104808829222177,7586.062
2023-06-15,0.00335668456372314,7591.766
2023-06-16,0.00189558300320126,7607.838
2023-06-19,-0.00709694977704282,7611.396
2023-06-20,-0.00252619760479031,7606.302
2023-06-21,-0.00133829899951252,7597.59
2023-06-22,-0.00756034384681944,7572.344
2023-06-23,-0.00535321772906798,7536.174
2023-06-26,-0.00111098156360268,7509.194
2023-06-27,0.00105721009233148,7487.624
2023-06-28,0.00523087974739525,7475.886
2023-06-29,-0.00383974913638978,7469.818
2023-06-30,0.00800889758541912,7483.75
2023-07-03,-0.000566949876054338,7498.486
2023-07-04,-0.00100169251493903,7510.138
2023-07-05,-0.010322192847606,7498.46
2023-07-06,-0.0217143010709343,7460.222
2023-07-07,-0.00323604148066759,7405.304
2023-07-10,0.00232191529763239,7354.61
2023-07-11,0.00120019962083047,7307.17
2023-07-12,0.0183439249051152,7301.972
2023-07-13,0.00324968211097197,7333.914
2023-07-14,-0.000758043119750696,7369.44
2023-07-17,-0.00378636558671176,7395.966
2023-07-18,0.00638230076069134,7430.2
2023-07-19,0.0180460952897156,7464.618
2023-07-20,0.00762367886982425,7505.786
2023-07-21,0.00231230504639642,7551.618
2023-07-24,0.00193900359224563,7606.052
2023-07-25,0.00172036793213338,7653.674
2023-07-26,-0.00193842793624377,7671.412
2023-07-27,0.0020672433758983,7680.754
2023-07-28,0.000196288458238684,7686.862
2023-07-31,0.000668029585652624,7691.026
2023-08-01,-0.00430422590821887,7685.92
2023-08-02,-0.0136494018603572,7662.868
2023-08-03,-0.00429404771193516,7630.148
2023-08-04,0.0046764844949503,7604.168
2023-08-07,-0.00130612331231816,7575.184
2023-08-08,-0.00358329946826321,7547.414
2023-08-09,0.00795491682409114,7552.548
2023-08-10,0.00412531467056795,7570.436
2023-08-11,-0.0123959782637231,7562.394
2023-08-14,-0.00226071747543915,7552.926
2023-08-15,-0.0156530773995457,7525.37
2023-08-16,-0.00443323355400266,7479.286
2023-08-17,-0.00634372179510881,7417.608
2023-08-18,-0.00653606394344345,7365.262
2023-08-21,-0.000634773760297942,7315.396
2023-08-22,0.0017829045085164,7291.62
2023-08-23,0.00684522663380438,7284.35
2023-08-24,0.00178948791959057,7289.034
2023-08-25,0.000674972694286434,7304.264
2023-08-29,0.0172254032796535,7345.698
2023-08-30,0.00116276110215825,7386.28
2023-08-31,-0.00462155808324424,7410
2023-09-01,0.00341572199974995,7436.182
2023-09-04,-0.00157812805611595,7459.018
2023-09-05,-0.00198986684127758,7453.606
2023-09-06,-0.00158511844021118,7444.1
2023-09-07,0.00209799438200733,7444.618
2023-09-08,0.0049007487516326,7447.348
2023-09-11,0.00249793064899398,7456.17
2023-09-12,0.00408970677095906,7474.09
2023-09-13,-0.0002045823796119,7494.06
2023-09-14,0.0195442725807502,7540.332
2023-09-15,0.00499147669514721,7586.97
2023-09-18,-0.00757841009002286,7618.184
2023-09-19,0.000948655026695651,7644.718
2023-09-20,0.00932743270410692,7685.85
2023-09-21,-0.00685882056223442,7686.958
2023-09-22,0.000688925874701439,7681.464
2023-09-25,-0.00779811320018065,7675.674
2023-09-26,0.000226915302879525,7668.778
2023-09-27,-0.00426189264751394,7641.092
2023-09-28,0.00113654022930985,7625.738
2023-09-29,0.000819537349460929,7610.572
2023-10-02,-0.0127969211680213,7587.918
2023-10-03,-0.00540028119807427,7556.806
2023-10-04,-0.00772540347194706,7520.652
2023-10-05,0.00527356002401367,7490.59
2023-10-06,0.0057759872455895,7467.89
2023-10-09,-0.000316228527816087,7464.188
2023-10-10,0.0181521874053183,7495.798
2023-10-11,-0.00107233544960093,7537.314
2023-10-12,0.00324801870858776,7575.962
2023-10-13,-0.00590991500082401,7596.966
2023-10-16,0.0040831096373493,7624.65
2023-10-17,0.00584224369416417,7634.05
2023-10-18,-0.0113625555522259,7627.644
2023-10-19,-0.0116591987348445,7598.594
2023-10-20,-0.0129861471318869,7559.102
2023-10-23,-0.00368947358466611,7507.942
2023-10-24,0.00201631766427157,7450.84
2023-10-25,0.00333437081342955,7416.108
2023-10-26,-0.00806140533075101,7387.116
2023-10-27,-0.00860553370217429,7364.944
2023-10-30,0.00495249119496173,7355.456
2023-10-31,-0.000773808955166856,7341.86
2023-11-01,0.002828570335932,7327.478
2023-11-02,0.0141778675452132,7345.87
2023-11-03,-0.00386757321866697,7371.16
2023-11-06,0.00000404436397666872,7389.234
2023-11-07,-0.00104074545415331,7406.898
2023-11-08,-0.00112280095654001,7418.756
2023-11-09,0.00728884637624766,7420.584
2023-11-10,-0.0127580753976504,7409.148
2023-11-13,0.00886890245973463,7410.762
2023-11-14,0.00197149678891118,7416.848
2023-11-15,0.00624154119296222,7433.886
2023-11-16,-0.0101430363127111,7424.946
2023-11-17,0.0125867464043168,7453.686
2023-11-20,-0.00105140420428428,7467.792
2023-11-21,-0.00191693035019661,7476.096
2023-11-22,-0.00166800543705613,7472.616
2023-11-23,0.00188365769642181,7487.138
2023-11-24,0.00061735158841088,7483.928
2023-11-27,-0.00367244464624342,7476.796
2023-11-28,-0.000731834814427606,7471.446
2023-11-29,-0.00426277356597504,7462.236
2023-11-30,0.00408030756547485,7456.27
2023-12-01,0.010142545698474,7464.5
2023-12-04,-0.00217681473168339,7474.952
2023-12-05,-0.00307734900758155,7481.872
2023-12-06,0.00340995268256731,7500.256
2023-12-07,-0.000220880381298065,7512.25
2023-12-08,0.00542341210478964,7517.274
2023-12-11,-0.00126812337596151,7523.66
2023-12-12,-0.000280984878507161,7534.246
2023-12-13,0.00075171323002016,7540.858
2023-12-14,0.0133193083604029,7567.91
2023-12-15,-0.00949407633436091,7572.288
2023-12-18,0.00503143989989915,7586.206
2023-12-19,0.00309279162858136,7605.258
2023-12-20,0.0101662339634697,7638.706
2023-12-21,-0.00271524998444735,7647.856
2023-12-22,0.000361286230965954,7672.086
2023-12-27,0.00356478913310923,7694.18
2023-12-28,-0.000286085994084109,7711.122
2023-12-29,0.0013596210671342,7714.634
2024-01-02,-0.00151553553232531,7719.992
2024-01-03,-0.00507542556387868,7716.956
2024-01-04,0.00530307862328223,7716.58
2024-01-05,-0.00433247400321375,7709.954
2024-01-08,0.000595608880034219,7702.144
2024-01-09,-0.00132957465308233,7694.632
2024-01-10,-0.00419054758223622,7688.518
2024-01-11,-0.00982388365552501,7659.222
2024-01-12,0.00638017894593744,7646.286
2024-01-15,-0.00393708532406205,7626.43
2024-01-16,-0.00481506693298534,7601.306
2024-01-17,-0.0148246837268501,7560.212
2024-01-18,0.00171897683275835,7536.712
2024-01-19,0.000380743495520251,7504.112
2024-01-22,0.00345487025474639,7482.672
2024-01-23,-0.000264433318063931,7468.15
2024-01-24,0.00560265999441611,7484.426
2024-01-25,0.00027365705457326,7498.554
2024-01-26,0.0139925335968223,7533.186
2024-01-29,-0.000307789430118095,7562.192
2024-01-30,0.00439815845947859,7598.308
2024-01-31,-0.00466195601273633,7618.888
2024-02-01,-0.00110214571126402,7637.374
2024-02-02,-0.000868520209494407,7633.464
2024-02-05,-0.000351912011492329,7629.488
2024-02-06,0.00895195760857294,7632.428
2024-02-07,-0.00680379273038314,7632.064
2024-02-08,-0.00436113386858928,7626.728
2024-02-09,-0.00301495099717195,7618.136
2024-02-12,0.000146581482136824,7610.302
2024-02-13,-0.00810833292622221,7576.556
2024-02-14,0.00747043507430499,7564.486
2024-02-15,0.00384889804978597,7564.896
2024-02-16,0.0150285684952873,7592.722
2024-02-19,0.00217720842718411,7623.684
2024-02-20,-0.00120204438118651,7665.07
2024-02-21,-0.00734531124298987,7683.892
2024-02-22,0.00286851175398134,7701.284
2024-02-23,0.00283558180178515,7700.198
2024-02-26,-0.0028522192289924,7691.358
2024-02-27,-0.000166573402912399,7684.12
2024-02-28,-0.0075543210872809,7676.614
2024-02-29,0.000660985340289532,7665.72
2024-03-01,0.0068780946838933,7660.964
2024-03-04,-0.00548909860071592,7652.17
2024-03-05,0.000763056046008474,7644.798
2024-03-06,0.00433550958912716,7655.664
2024-03-07,0.00171239343118062,7668.152
2024-03-08,-0.00425351578038758,7663.6
2024-03-11,0.00123894544723447,7669.38
2024-03-12,0.0102461394429429,7689.71
2024-03-13,0.0031441142722911,7708.282
2024-03-14,-0.00373383495214341,7718.42
2024-03-15,-0.00203147297934298,7731.956
2024-03-18,-0.000630223282803302,7742.62
2024-03-19,0.00203948177739218,7740.718
2024-03-20,-0.000118889161702192,7733.76
2024-03-21,0.0187621649705714,7761.64
2024-03-22,0.0061363391288352,7802.34
2024-03-25,-0.00168328516742072,7841.344
2024-03-26,0.00169117544903301,7879.876
2024-03-27,0.00012860990346686,7918.796
2024-03-28,0.00260212456410636,7932.81
2024-04-02,-0.0022043049963408,7933.644
2024-04-03,0.000296152910678953,7937.618
2024-04-04,0.00484413110524309,7946.604
2024-04-05,-0.00811570871714636,7942.44
2024-04-08,0.00408410397463841,7940.61
2024-04-09,-0.0010927214428959,7940.55
2024-04-10,0.0033296407340333,7945.304
2024-04-11,-0.00469903444325672,7934.886
2024-04-12,0.00905878492642416,7951.77
2024-04-15,-0.00375832647537767,7956.182
2024-04-16,-0.0182247760036055,7933.296
2024-04-17,0.00353308543340717,7910.652
2024-04-18,0.00370285894859708,7901.302
2024-04-19,0.00238668029274921,7881.356
2024-04-22,0.0162135805518088,7893.024
2024-04-23,0.00260971326803656,7937.914
2024-04-24,-0.000550665584395441,7976.392
2024-04-25,0.00478584345516002,8016.754
2024-04-26,0.0075468568585172,8065.55
2024-04-29,0.000884539357701551,8090.182
2024-04-30,-0.00035595793804609,8110.046
2024-05-01,-0.00281061328834391,8126.218
2024-05-02,0.00626874713713668,8144.876
2024-05-03,0.00505864429801217,8159.608
2024-05-07,0.0121970076057803,8192.936
2024-05-08,0.00485706072047594,8234.92
2024-05-09,0.00326787606011469,8286.942
2024-05-10,0.00625316923884575,8339.264
2024-05-13,-0.00222557910113644,8379.564
2024-05-14,0.00156149918181714,8402.456
2024-05-15,0.00209655048035567,8420.806
2024-05-16,-0.000846574628809543,8432.266
2024-05-17,-0.00217925853068908,8429.566
2024-05-20,0.000467919042879972,8431.408
2024-05-21,-0.000919968661712685,8429.072
2024-05-22,-0.0054797450231393,8413.978
2024-05-23,-0.00371550464557555,8394.094
2024-05-24,-0.00259496380361249,8373.56
2024-05-28,-0.00762360250986161,8339.556
2024-05-29,-0.00861502899137171,8292.88
2024-05-30,0.00586332513347675,8265.024
2024-05-31,0.00538570413252257,8252.254
2024-06-03,-0.00152621390195969,8241.286
2024-06-04,-0.00371668028198834,8236.858
2024-06-05,0.00181121568894221,8249.634
2024-06-06,0.00465505429279908,8260.492
2024-06-07,-0.00482418343725174,8254.49
2024-06-10,-0.00204842232671199,8247.636
2024-06-11,-0.00980375476394172,8230.79
2024-06-12,0.00830529921537188,8224.496
2024-06-13,-0.00630638745392838,8200.162
2024-06-14,-0.00205912291898134,8180.46
2024-06-17,-0.000578136852726085,8163.194
2024-06-18,0.00603526095687261,8171.89
2024-06-19,0.00168715794459732,8169.816
2024-06-20,0.00820829946216425,8191.574
2024-06-21,-0.00419947633472991,8209.746
2024-06-24,0.00532064697513389,8237.626
2024-06-25,-0.00407653156715813,8248.926
2024-06-26,-0.00272315371754142,8252.97
2024-06-27,-0.00554992930374826,8234.414
2024-06-28,-0.00190227490561983,8219.694
2024-07-01,0.000323366143564809,8196.736
2024-07-02,-0.00557871175349838,8171.418
2024-07-03,0.00614687484608187,8160.576
2024-07-04,0.0085838905804835,8172.892
2024-07-05,-0.00452964716560331,8180.854
2024-07-08,-0.0012725608336493,8186.2
2024-07-09,-0.00655154274918251,8189.922
2024-07-10,0.00659720558587975,8194.4
2024-07-11,0.00364068634809745,8190.816
2024-07-12,0.00359586250842112,8200.612
2024-07-15,-0.00847579823359274,8198.506
2024-07-16,-0.00220702533068723,8203.524
2024-07-17,0.00276304669989839,8202.314
2024-07-18,0.00212886536239559,8198.624
2024-07-19,-0.00599276772753799,8179.186
2024-07-22,0.00527973005448941,8182.35
2024-07-23,-0.00383105779152517,8182.844
2024-07-24,-0.00167495778934961,8176.09
2024-07-25,0.00400554840814414,8172.382
2024-07-26,0.0121372772969637,8198.38
2024-07-29,0.000801379724851731,8217.094
2024-07-30,-0.00216343979692132,8238.502
2024-07-31,0.0113083591458484,8281.36
2024-08-01,-0.0101123568650975,8300.762
2024-08-02,-0.0131166579745418,8278.562
2024-08-05,-0.0203652484308312,8221.738
2024-08-06,0.00230512859895383,8172.194
2024-08-07,0.0174654807897154,8131.974
2024-08-08,-0.00268278706188898,8104.296
2024-08-09,0.00283978946515458,8102.974
2024-08-12,0.00516031880118995,8143.378
2024-08-13,0.00304253829055139,8185.086
2024-08-14,0.00556390046179642,8207.92
2024-08-15,0.00800623109388315,8248.396
2024-08-16,-0.00430555805135768,8277.058
2024-08-19,0.00547801155279317,8306.396
2024-08-20,-0.0100060548478272,8314.014
2024-08-21,0.00122200035777663,8314.49
2024-08-22,0.000551703823174664,8302.62
2024-08-23,0.0047997104247105,8305.894
2024-08-27,0.00212301477704724,8303.598
2024-08-28,-0.000192919263887043,8317.704
2024-08-29,0.00428938679386603,8336.946
2024-08-30,-0.000359203975349802,8354.672
2024-09-02,-0.00152686700976396,8361.884
2024-09-03,-0.00781698358648671,8352.484
2024-09-04,-0.00347775370369909,8337.634
2024-09-05,-0.00337259359582099,8310.048
2024-09-06,-0.00730916278296602,8271.016
2024-09-09,0.0109234648541154,8252.416
2024-09-10,-0.00784200879233555,8233.92
2024-09-11,-0.00146722268394501,8218.788
2024-09-12,0.00573960756363835,8218.64
2024-09-13,0.00389759943307654,8236.964
2024-09-16,0.000646674942494324,8238.484
2024-09-17,0.00379540106590131,8259.26
2024-09-18,-0.00676064338027359,8271.208
2024-09-19,0.00909170212559719,8288.758
2024-09-20,-0.0118541624643402,8280.138
2024-09-23,0.00361118300265241,8276.392
2024-09-24,0.00279065487771376,8270.972
2024-09-25,-0.00169750179891721,8273.976
2024-09-26,0.00196040490040746,8265.214
2024-09-27,0.00432714416933924,8283.368
2024-09-30,-0.010072397232945,8278.816
2024-10-01,0.00481974517266693,8277.594
2024-10-02,0.00171687820555429,8282.026
2024-10-03,-0.00100592700877836,8281.548
2024-10-04,-0.000228191420002757,8273.522
2024-10-07,0.00277635880361779,8286.856
2024-10-08,-0.0136097268420281,8269.648
2024-10-09,0.00648669635106544,8260.224
2024-10-10,-0.000729038033708028,8251.266
2024-10-11,0.00193257123018114,8245.87
2024-10-14,0.00472639377729856,8243.678
2024-10-15,-0.00523113210960044,8255.412
2024-10-16,0.00967235928468897,8272.478
2024-10-17,0.00673064339716193,8301.958
2024-10-18,-0.00320567480766538,8322.878
2024-10-21,-0.00478688720725035,8327.994
2024-10-22,-0.00140654753890233,8339.446
2024-10-23,-0.0057665405812771,8325.36
2024-10-24,0.00130045624945509,8302.21
2024-10-25,-0.00248386215169687,8280.328
2024-10-28,0.00445880875371575,8273.804
2024-10-29,-0.00796681479478907,8256.418
2024-10-30,-0.00729718319968958,8236.616
2024-10-31,-0.00607012817983165,8204.76
2024-11-01,0.00826746895845912,8190.422
2024-11-04,0.000867050255896021,8170.146
2024-11-05,-0.00144790475352622,8160.702
2024-11-06,-0.000698694017294823,8162.112
2024-11-07,-0.00317632134478154,8168.24
2024-11-08,-0.00839604262020399,8147.288
2024-11-11,0.00654081381102737,8135.478
2024-11-12,-0.0122360215576496,8106.154
2024-11-13,0.00056816978308617,8078.884
2024-11-14,0.00508820932639128,8064.974
2024-11-15,-0.000939142802981955,8063.218
2024-11-18,0.00566867693254015,8060.044
2024-11-19,-0.00127014348921972,8074.694
2024-11-20,-0.00172243061506216,8085.642
2024-11-21,0.00794056204831878,8101.258
2024-11-22,0.0138429577127767,8140.952
2024-11-25,0.00358263294473067,8177.424
2024-11-26,-0.00398833529513919,8209.342
2024-11-27,0.00195432403273667,8247.278
2024-11-28,0.000781896734040224,8273.668
2024-11-29,0.000734191338957295,8278.712
2024-12-02,0.003087857323857,8282.954
2024-12-03,0.00559612842224551,8303.114
2024-12-04,-0.00282316574973597,8315.326
2024-12-05,0.00162791618331029,8328.958
2024-12-06,-0.00488299730039819,8333.22
2024-12-09,0.00523192206638648,8341.058
2024-12-10,-0.0085870824992097,8325.248
2024-12-11,0.00256752121888423,8318.41
2024-12-12,0.00122144834381716,8310.886
2024-12-13,-0.00137516001424491,8309.23
2024-12-16,-0.00461186482947071,8291.224
2024-12-17,-0.0080912122294102,8274.192
2024-12-18,0.000477108551347112,8253.69
2024-12-19,-0.0114390464330886,8212.402
2024-12-20,-0.00255511195116294,8169.258
2024-12-23,0.00224005858043871,8137.392
2024-12-24,0.00422944393981275,8125.75
2024-12-27,0.00157183430236487,8115.884
2024-12-30,-0.00353015664226513,8119.022
2024-12-31,0.00640437581039799,8136.704
2025-01-02,0.0106533447856484,8168.178
2025-01-03,-0.00437162306948236,8185.576
2025-01-06,0.00312257568719772,8205.552
2025-01-07,-0.000530930971700555,8230.406
2025-01-08,0.000697368676382124,8246.008
2025-01-09,0.00832138533007392,8257.928
2025-01-10,-0.00855801117589727,8262.83
2025-01-13,-0.00294599375158354,8257.736
2025-01-14,-0.00275407061364093,8248.988
2025-01-15,0.0121428414663586,8259.008
2025-01-16,0.010934655884199,8273.45
2025-01-17,0.0135034974201313,8324.796
2025-01-20,0.00180124676375232,8384.066
2025-01-21,0.00325683583434853,8453.416
2025-01-22,-0.000369664576190288,8502.216
2025-01-23,0.00234870622214074,8536.876
2025-01-24,-0.00733783215803488,8536.302
2025-01-27,0.000159955776932114,8532.936
2025-01-28,0.00354668726943907,8530.052
2025-01-29,0.00280529232341232,8532.588
2025-01-30,0.0104080366355411,8548.924
2025-01-31,0.00313176544603371,8583.246
2025-02-03,-0.0104219987180019,8599.216
2025-02-04,-0.00149005773828098,8606.596
2025-02-05,0.00612780415295247,8619.692
2025-02-06,0.0120592024621693,8635.772
2025-02-07,-0.00306510161241532,8641.086
2025-02-10,0.00773171289565102,8677.934
2025-02-11,0.00109377494924612,8719.258
2025-02-12,0.00342356896526201,8756.088
2025-02-13,-0.00485044462409067,8763.576
2025-02-14,-0.00368066521235136,8769.962
2025-02-17,0.00407101778880191,8770.004
2025-02-18,-0.00014598523496217,8767.872
2025-02-19,-0.00618246484150863,8748.89
2025-02-20,-0.00568835917925118,8728.54
2025-02-21,-0.000415561868504513,8713.922
2025-02-24,-0.0000450379184630333,8692.116
2025-02-25,0.00111906945159828,8672.504
2025-02-26,0.00724332567741061,8676.29
2025-02-27,0.00283457749334017,8694.938
2025-02-28,0.00611337553576269,8725.012
2025-03-03,0.00698885551673485,8767.478
2025-03-04,-0.012659911557594,8785.544
2025-03-05,-0.000360771777600166,8790.42
2025-03-06,-0.0083372925955705,8775.746
2025-03-07,-0.000340902285427458,8749.774
2025-03-10,-0.00917754623335805,8695.556
2025-03-11,-0.012119457409229,8642.954
2025-03-12,0.00529426235200366,8599.98
2025-03-13,0.00018616152497903,8571.924
2025-03-14,0.010508559495046,8562.414
2025-03-17,0.00555585803601124,8578.428
2025-03-18,0.00287317589619687,8620.276
2025-03-19,0.000164269065837467,8653.414
2025-03-20,-0.000536371007941056,8685.3
2025-03-21,-0.00634337662994314,8688.192
2025-03-24,-0.00101540571703495,8679.736
2025-03-25,0.00298564136878738,8671.45
2025-03-26,0.00297675384935027,8668.036
2025-03-27,-0.00270093295540979,8660.862
2025-03-28,-0.00083889906901825,8663.274
2025-03-31,-0.00878176663182765,8652.234
2025-04-01,0.0060574567070691,8646.434
2025-04-02,-0.00304813081947465,8630.212
2025-04-03,-0.0155358437261862,8591.936
2025-04-04,-0.0495307230664304,8471.162
2025-04-07,-0.0438114061114987,8295.016
2025-04-08,0.027064117744817,8150.162
2025-04-09,-0.0292079038951878,7964.362
2025-04-10,0.0304408631834448,7852.064
2025-04-11,0.00643604081761606,7833.904
2025-04-14,0.0213656647639807,7920.356
2025-04-15,0.0141105486124259,7988.074
2025-04-16,0.0032100393738968,8107.298
2025-04-17,0.00000725022959054216,8179.78
2025-04-22,0.00639707286186244,8252.664
2025-04-23,0.00895468626179669,8306.432
2025-04-24,0.000506950940001311,8338.096
2025-04-25,0.000928939130103752,8366.026
2025-04-28,0.000248358634621686,8394.362
2025-04-29,0.00547916562714575,8421.334
2025-04-30,0.00370888501865682,8439.668
2025-05-01,0.000229550845512152,8457.54
2025-05-02,0.0117161755013653,8493.76
2025-05-06,0.00012447143264289,8529.776
2025-05-07,-0.00443039888710801,8548.95
2025-05-08,-0.00323857124330986,8556.302
2025-05-09,0.00271812705925361,8567.902
2025-05-12,0.00586571281619679,8569.628
2025-05-13,-0.000239396256586243,8570.728
2025-05-14,-0.00208185127840313,8575.864
2025-05-15,0.00567733759191891,8596.292
2025-05-16,0.00588504415810042,8622.244
2025-05-19,0.00169841650008751,8641.11
2025-05-20,0.00940419412574116,8676.75
2025-05-21,0.000608122881818985,8717.04
2025-05-22,-0.00537190176703689,8738.142
2025-05-23,-0.00243613303643568,8744.824
2025-05-27,0.00689151258836632,8760.572
2025-05-28,-0.00592842373875736,8749.55
2025-05-29,-0.00109557518270086,8735.548
2025-05-30,0.00641660308956037,8742.172
2025-06-02,0.000214309001662151,8753.43
2025-06-03,0.00145425369204927,8755.224
2025-06-04,0.00162398628886704,8770.28
2025-06-05,0.00110779215319572,8789.198
2025-06-06,0.0030495832501043,8802.304
2025-06-09,-0.000637028437718782,8813.908
2025-06-10,0.00235499780351158,8827.12
2025-06-11,0.001273003293769,8839.732
2025-06-12,0.00232053111621266,8854.508
2025-06-13,-0.00385934819897094,8857.052
2025-06-16,0.00277833329378814,8865.64
2025-06-17,-0.00464101171576577,8861.83
2025-06-18,0.00106859496741563,8857.654
2025-06-19,-0.00584272915495841,8839.03
2025-06-20,-0.00195068131668141,8823.834
2025-06-23,-0.00189295299527602,8800.398
2025-06-24,0.000108471758521188,8785.39
2025-06-25,-0.00459413699524714,8760.446
2025-06-26,0.00193261648745524,8749.206
2025-06-27,0.00724735564815233,8754.058
2025-06-30,-0.00431303422810334,8754.642
2025-07-01,0.0027816586310177,8759.91
2025-07-02,-0.00121110988431845,8771.098
2025-07-03,0.00552840043351961,8788.618
2025-07-04,-0.0000328678937347984,8793.418
2025-07-07,-0.00185653032842897,8802.532
2025-07-08,0.00541075769911641,8816.302
2025-07-09,0.00145016252210822,8834.768
2025-07-10,0.0122521433356414,8865.26
2025-07-11,-0.00384818498026876,8888.902
2025-07-14,0.00636832969471371,8927.208
2025-07-15,-0.00663920889613981,8944.036
2025-07-16,-0.00131680226261763,8955.942
2025-07-17,0.00516324895956446,8955.338
2025-07-18,0.00217104441947982,8965.538
2025-07-21,0.00232092098415045,8968.524
2025-07-22,0.00120048951568788,8985.622
2025-07-23,0.00417561983242115,9012.61
2025-07-24,0.00848425590051979,9045.756
2025-07-25,-0.00197628242235774,9071.394
2025-07-28,-0.00426191653573168,9085.084
2025-07-29,0.0060430944872178,9107.586
2025-07-30,0.0000678610206298379,9122.676
2025-07-31,-0.000452011286054305,9121.564
2025-08-01,-0.00703288473098636,9111.218
2025-08-04,0.00658537499807019,9120.59
2025-08-05,0.00158079817709763,9121.872
2025-08-06,0.00236034532355215,9127.346
2025-08-07,-0.0069334188825999,9120.938
2025-08-08,-0.000553799293905996,9126.368
2025-08-11,0.00373581889523981,9126.65
2025-08-12,0.00198253832816161,9127.666
2025-08-13,0.00190428091532291,9127.85
2025-08-14,0.0013103871915926,9143.144
2025-08-15,-0.00417772663676663,9151.778
2025-08-18,0.00206151725043497,9157.384
2025-08-19,0.00343752934676018,9165.666
2025-08-20,0.0107647874357127,9190.248
2025-08-21,0.00226740768334686,9216.64
2025-08-22,0.00131053151720867,9253.14
2025-08-26,-0.00596476924067204,9274.752
2025-08-27,-0.00111161475533675,9288.008
2025-08-28,-0.00417913672951221,9273.744
2025-08-29,-0.00319850013345162,9249.372
2025-09-01,0.000979608896590308,9224.36
2025-09-02,-0.00866105428898884,9194.538
2025-09-03,0.00672393160236876,9179.036
2025-09-04,0.00423622165637585,9179.046
2025-09-05,-0.000939581441422269,9183.22
2025-09-08,0.00118807021125718,9187.782